<?xml version="1.0" encoding="utf-8"?>
<manifest xmlns="http://www.we7.cc" versionCode="0.8">
	<application setting="true">
		<name><![CDATA[讯小喵招聘]]></name>
		<identifie><![CDATA[mmd_xunmall]]></identifie>
		<version><![CDATA[1.2]]></version>
		<type><![CDATA[business]]></type>
		<ability><![CDATA[讯猫招聘系统]]></ability>
		<description><![CDATA[讯猫招聘系统]]></description>
		<author><![CDATA[Gorden]]></author>
		<url><![CDATA[http://bbs.we7.cc/]]></url>
	</application>
	<platform>
		<subscribes>
			<message type="text" />
			<message type="image" />
			<message type="voice" />
			<message type="video" />
			<message type="location" />
			<message type="link" />
			<message type="subscribe" />
			<message type="unsubscribe" />
			<message type="qr" />
			<message type="trace" />
			<message type="click" />
			<message type="enter" />
		</subscribes>
		<handles>
			<message type="text" />
			<message type="image" />
			<message type="voice" />
			<message type="video" />
			<message type="location" />
			<message type="link" />
			<message type="subscribe" />
			<message type="qr" />
			<message type="trace" />
			<message type="click" />
			<message type="enter" />
		</handles>
		<rule embed="true" />
	</platform>
	<bindings>
		<cover call="getRuleMenus">
			<entry title="便利店首页" do="job" state="" direct="false" />
		</cover>
		<menu call="getMenus">
			<entry title="岗位分类" do="category" state="" direct="false" />
			<entry title="职位管理" do="jobs" state="" direct="false" />
			<entry title="投递管理" do="orders" state="" direct="false" />
			<entry title="简历管理" do="resume" state="" direct="false" />
		</menu>
		<home call="getHomes">
			<entry title="便利店首页" do="store" state="" direct="true" />
		</home>
		<profile call="getProfiles">
			<entry title="便利店订单" do="orders" state="" direct="false" />
		</profile>
		<shortcut call="getShortcuts">
			<entry title="便利店订单" do="orders" state="" direct="false" />
		</shortcut>
		<rule>
			<entry title="规则" do="rule" state="" direct="false" />
		</rule>
	</bindings>
	<install></install>
	<uninstall></uninstall>
	<upgrade><![CDATA[]]></upgrade>
</manifest>